,Date,Start time,From city,To city,Number called (to/from),Call type,Duration
0,10-14-2019,12:53:34 PM,INCOMING ON,TORONTO ON,Unknown caller,Incoming,1
1,10-13-2019,11:47:28 AM,TORONTO ON,TORONTO ON,A_1,Outgoing,7
2,10-13-2019,11:46:53 AM,TORONTO ON,TORONTO ON,A_2,Outgoing,1
3,10-13-2019,11:46:15 AM,TORONTO ON,TORONTO ON,A_2,Outgoing,1
4,10/11/2019,7:03:08 PM,TORONTO ON,TORONTO ON,A_3,Outgoing,37
5,10/11/2019,10:25:02 AM,TORONTO ON,TORONTO ON,A_4,Outgoing,20
6,10/11/2019,8:52:50 AM,INCOMING ON,TORONTO ON,Unknown caller,Incoming,6
7,10/11/2019,7:57:50 AM,TORONTO ON,OAK RIDGES ON,A_5,Outgoing,2
8,10/10/2019,6:46:06 PM,TORONTO ON,TORONTO ON,A_1,Outgoing,17
9,10/10/2019,5:16:33 PM,TORONTO ON,TORONTO ON,A_1,Outgoing,26
10,10/10/2019,11:58:01 AM,TORONTO ON,TORONTO ON,A_1,Outgoing,21
11,10/10/2019,11:07:14 AM,TORONTO ON,TORONTO ON,A_5,Outgoing,10
12,10/10/2019,10:49:25 AM,TORONTO ON,TORONTO ON,A_1,Outgoing,5
13,10/10/2019,10:34:55 AM,INCOMING ON,TORONTO ON,Unknown caller,Incoming,3
14,10/10/2019,10:13:18 AM,TORONTO ON,TORONTO ON,A_1,Outgoing,1
15,10/10/2019,10:10:41 AM,TORONTO ON,TORONTO ON,B_1,Outgoing,1
16,10/09/2019,8:56:22 PM,TORONTO ON,TORONTO ON,B_1,Outgoing,1
17,10/09/2019,8:46:08 PM,TORONTO ON,TORONTO ON,A_1,Outgoing,9
18,10/09/2019,8:19:24 PM,TORONTO ON,TORONTO ON,A_1,Outgoing,24
19,10/09/2019,8:15:51 PM,INCOMING ON,TORONTO ON,Unknown caller,Incoming,2
20,10/09/2019,6:09:17 PM,TORONTO ON,RICHMONDHL ON,B_2,Outgoing,2
21,10/08/2019,4:41:46 PM,TORONTO ON,TORONTO ON,B_3,Outgoing,1
22,10/08/2019,7:37:11 AM,TORONTO ON,OAK RIDGES ON,A_5,Outgoing,2
23,10/06/2019,9:00:02 PM,TORONTO ON,TORONTO ON,B_3,Outgoing,1
24,10/06/2019,4:15:49 PM,INCOMING ON,TORONTO ON,Unknown caller,Incoming,2
25,10/04/2019,5:35:32 PM,TORONTO ON,TORONTO ON,A_1,Outgoing,7
26,10/04/2019,5:04:10 PM,TORONTO ON,TORONTO ON,A_1,Outgoing,31
27,10/04/2019,12:31:10 PM,TORONTO ON,TORONTO ON,A_4,Outgoing,15
28,10/03/2019,10:42:19 AM,TORONTO ON,TORONTO ON,A_1,Outgoing,18
29,10/03/2019,7:33:57 AM,TORONTO ON,OAK RIDGES ON,A_5,Outgoing,2
30,10/02/2019,7:35:11 PM,INCOMING ON,TORONTO ON,Unknown caller,Incoming,5
31,10/02/2019,6:03:04 PM,TORONTO ON,TORONTO ON,A_5,Outgoing,5
32,10/02/2019,6:01:05 PM,TORONTO ON,TORONTO ON,A_5,Outgoing,2
33,10/02/2019,5:38:49 PM,INCOMING ON,TORONTO ON,Unknown caller,Incoming,2
34,10/02/2019,5:37:00 PM,TORONTO ON,TORONTO ON,A_4,Outgoing,1
35,10/02/2019,5:19:51 PM,TORONTO ON,TORONTO ON,A_1,Outgoing,17
36,10/01/2019,6:37:15 PM,TORONTO ON,OAK RIDGES ON,B_4,Outgoing,4
37,10/01/2019,5:08:41 PM,TORONTO ON,TORONTO ON,A_1,Outgoing,16
38,10/01/2019,12:43:36 PM,TORONTO ON,TORONTO ON,A_1,Outgoing,7
39,09-30-2019,11:51:29 AM,TORONTO ON,TORONTO ON,A_4,Outgoing,34
40,09-30-2019,10:32:35 AM,INCOMING ON,TORONTO ON,Unknown caller,Incoming,1
41,09-30-2019,9:50:27 AM,TORONTO ON,TORONTO ON,A_1,Outgoing,21
42,09-30-2019,9:06:53 AM,TORONTO ON,TORONTO ON,B_3,Outgoing,1
43,09-29-2019,2:15:03 PM,INCOMING ON,TORONTO ON,Unknown caller,Incoming,20
44,09-28-2019,7:25:06 PM,TORONTO ON,TORONTO ON,A_1,Outgoing,3
45,09-28-2019,11:21:33 AM,TORONTO ON,TORONTO ON,B_5,Outgoing,16
46,09-27-2019,1:59:02 PM,TORONTO ON,TORONTO ON,C_1,Outgoing,1
47,09-27-2019,1:04:18 PM,TORONTO ON,TORONTO ON,A_5,Outgoing,17
48,09-27-2019,12:44:09 PM,TORONTO ON,OAK RIDGES ON,A_5,Outgoing,1
49,09-27-2019,10:33:28 AM,TORONTO ON,TORONTO ON,A_1,Outgoing,9
50,09-27-2019,10:29:19 AM,TORONTO ON,TORONTO ON,C_2,Outgoing,5
51,09-26-2019,5:18:19 PM,INCOMING ON,TORONTO ON,Unknown caller,Incoming,3
52,09-25-2019,8:23:36 PM,TORONTO ON,TORONTO ON,A_1,Outgoing,11
53,09-25-2019,7:38:43 PM,TORONTO ON,800 SERV                 SERV 800 ON,C_3,Outgoing,6
54,09-25-2019,7:36:24 PM,TORONTO ON,TORONTO ON,B_3,Outgoing,1
55,09-25-2019,8:36:05 AM,TORONTO ON,TORONTO ON,A_5,Outgoing,26
56,09-24-2019,10:23:42 PM,TORONTO ON,TORONTO ON,A_1,Outgoing,22
57,09-24-2019,8:17:55 PM,INCOMING ON,TORONTO ON,Unknown caller,Incoming,4
58,09-24-2019,5:21:19 PM,TORONTO ON,TORONTO ON,A_1,Outgoing,11
59,09-24-2019,1:05:41 PM,TORONTO ON,TORONTO ON,A_1,Outgoing,2
60,09-24-2019,8:49:26 AM,TORONTO ON,TORONTO ON,A_5,Outgoing,29
61,09-24-2019,8:32:29 AM,TORONTO ON,TORONTO ON,A_5,Outgoing,15
62,09-23-2019,5:13:06 PM,TORONTO ON,TORONTO ON,A_1,Outgoing,8
63,09-23-2019,2:32:48 PM,TORONTO ON,TORONTO ON,A_1,Outgoing,2
64,09-22-2019,3:56:44 PM,INCOMING ON,TORONTO ON,Unknown caller,Incoming,3
65,09-20-2019,7:43:23 PM,INCOMING ON,TORONTO ON,Unknown caller,Incoming,13
66,09-20-2019,7:33:11 PM,INCOMING ON,TORONTO ON,Unknown caller,Incoming,7
67,09-20-2019,6:58:31 PM,TORONTO ON,TORONTO ON,A_1,Outgoing,13
68,09-20-2019,6:04:52 PM,TORONTO ON,TORONTO ON,A_1,Outgoing,14
69,09-20-2019,5:55:05 PM,INCOMING ON,TORONTO ON,Unknown caller,Incoming,7
70,09-20-2019,5:54:34 PM,INCOMING ON,TORONTO ON,Unknown caller,Incoming,1
71,09-20-2019,5:21:27 PM,TORONTO ON,TORONTO ON,C_4,Outgoing,3
72,09-20-2019,5:20:37 PM,TORONTO ON,TORONTO ON,C_2,Outgoing,1
73,09-20-2019,5:17:07 PM,INCOMING ON,TORONTO ON,Unknown caller,Incoming,3
74,09-20-2019,5:11:41 PM,TORONTO ON,TORONTO ON,A_5,Outgoing,1
75,09-20-2019,5:04:19 PM,TORONTO ON,TORONTO ON,A_1,Outgoing,8
76,09-19-2019,7:34:11 PM,TORONTO ON,TORONTO ON,A_1,Outgoing,6
77,09-19-2019,7:32:05 PM,INCOMING ON,TORONTO ON,Unknown caller,Incoming,1
78,09-19-2019,7:19:45 PM,TORONTO ON,TORONTO ON,A_5,Outgoing,5
79,09-19-2019,7:17:56 PM,TORONTO ON,TORONTO ON,A_1,Outgoing,1
80,09-18-2019,7:28:32 PM,INCOMING ON,TORONTO ON,Unknown caller,Incoming,5
81,09-18-2019,6:20:41 PM,TORONTO ON,TORONTO ON,A_5,Outgoing,23
82,09-18-2019,6:20:10 PM,INCOMING ON,TORONTO ON,Unknown caller,Incoming,1
83,09-18-2019,5:40:09 PM,TORONTO ON,TORONTO ON,A_1,Outgoing,20
84,09-18-2019,5:19:30 PM,TORONTO ON,TORONTO ON,A_5,Outgoing,11
85,09-18-2019,12:24:09 PM,TORONTO ON,TORONTO ON,A_1,Outgoing,20
86,09-18-2019,12:01:57 PM,TORONTO ON,TORONTO ON,B_3,Outgoing,1
87,09-17-2019,6:43:01 PM,TORONTO ON,OAK RIDGES ON,C_5,Outgoing,2
88,09-17-2019,12:34:47 PM,TORONTO ON,TORONTO ON,A_1,Outgoing,15
89,09-16-2019,1:23:47 PM,TORONTO ON,AURORA ON,D_1,Outgoing,2
90,09-16-2019,10:57:06 AM,TORONTO ON,TORONTO ON,D_2,Outgoing,2
91,09-16-2019,10:02:51 AM,TORONTO ON,TORONTO ON,A_1,Outgoing,52
92,09-16-2019,10:02:30 AM,TORONTO ON,TORONTO ON,A_1,Outgoing,1
93,09-16-2019,10:01:03 AM,TORONTO ON,TORONTO ON,A_1,Outgoing,1
94,09-15-2019,4:36:03 PM,TORONTO ON,TORONTO ON,A_5,Outgoing,2
95,09-15-2019,4:15:24 PM,TORONTO ON,TORONTO ON,A_1,Outgoing,11
96,09-15-2019,4:10:44 PM,TORONTO ON,TORONTO ON,A_5,Outgoing,5
97,09-15-2019,4:00:22 PM,INCOMING ON,TORONTO ON,Unknown caller,Incoming,11
98,09-15-2019,3:53:03 PM,INCOMING ON,TORONTO ON,Unknown caller,Incoming,8
99,09-15-2019,3:22:11 PM,TORONTO ON,TORONTO ON,A_1,Outgoing,12
100,09-15-2019,2:18:20 PM,INCOMING ON,TORONTO ON,Unknown caller,Incoming,9
101,09-15-2019,11:37:42 AM,TORONTO ON,TORONTO ON,A_5,Outgoing,1
102,09-15-2019,11:17:05 AM,TORONTO ON,TORONTO ON,A_1,Outgoing,6
103,09-14-2019,9:57:10 PM,TORONTO ON,TORONTO ON,B_3,Outgoing,1
104,09-14-2019,3:53:44 PM,INCOMING ON,TORONTO ON,Unknown caller,Incoming,3
105,09-14-2019,10:49:25 AM,INCOMING ON,TORONTO ON,Unknown caller,Incoming,1
106,09-14-2019,10:44:54 AM,TORONTO ON,TORONTO ON,D_3,Outgoing,1
107,09-14-2019,10:20:10 AM,TORONTO ON,TORONTO ON,A_1,Outgoing,21
108,09-13-2019,4:05:46 PM,INCOMING ON,TORONTO ON,Unknown caller,Incoming,1
109,09-13-2019,10:33:47 AM,TORONTO ON,TORONTO ON,A_1,Outgoing,27
110,09-13-2019,9:35:36 AM,TORONTO ON,OAK RIDGES ON,A_5,Outgoing,1
111,09/12/2019,6:22:47 PM,TORONTO ON,RICHMONDHL ON,B_2,Outgoing,2
112,09/11/2019,6:20:42 PM,TORONTO ON,RICHMONDHL ON,B_2,Outgoing,3
113,09/11/2019,5:17:53 PM,TORONTO ON,TORONTO ON,A_1,Outgoing,33
114,09/11/2019,5:13:08 PM,INCOMING ON,TORONTO ON,Unknown caller,Incoming,5
115,09/11/2019,5:12:38 PM,TORONTO ON,TORONTO ON,A_1,Outgoing,1
116,09/11/2019,12:35:23 PM,INCOMING ON,TORONTO ON,Unknown caller,Incoming,25
117,09/10/2019,5:33:14 PM,TORONTO ON,TORONTO ON,A_1,Outgoing,4
118,09/10/2019,5:14:28 PM,TORONTO ON,TORONTO ON,A_1,Outgoing,18
119,09/10/2019,5:13:31 PM,TORONTO ON,TORONTO ON,D_4,Outgoing,1
120,09/10/2019,5:08:34 PM,INCOMING ON,TORONTO ON,Unknown caller,Incoming,1
121,09/10/2019,5:06:57 PM,TORONTO ON,TORONTO ON,A_1,Outgoing,1
122,09/10/2019,4:59:19 PM,INCOMING ON,TORONTO ON,Unknown caller,Incoming,2
123,09/09/2019,5:59:40 PM,INCOMING ON,TORONTO ON,Unknown caller,Incoming,15
124,09/07/2019,3:00:00 PM,INCOMING ON,TORONTO ON,Unknown caller,Incoming,1
125,09/07/2019,11:44:19 AM,TORONTO ON,TORONTO ON,A_1,Outgoing,32
126,09/07/2019,10:44:52 AM,INCOMING ON,TORONTO ON,Unknown caller,Incoming,15
127,09/07/2019,10:32:55 AM,TORONTO ON,STOUFFVL ON,D_5,Outgoing,1
128,09/07/2019,10:15:03 AM,INCOMING ON,TORONTO ON,Unknown caller,Incoming,16
129,09/07/2019,10:08:04 AM,TORONTO ON,TORONTO ON,A_1,Outgoing,1
130,09/06/2019,7:32:55 PM,INCOMING ON,TORONTO ON,Unknown caller,Incoming,4
131,09/06/2019,7:31:16 PM,TORONTO ON,TORONTO ON,A_4,Outgoing,2
132,09/06/2019,8:35:35 AM,INCOMING ON,TORONTO ON,Unknown caller,Incoming,9
133,09/05/2019,12:37:38 PM,INCOMING ON,TORONTO ON,Unknown caller,Incoming,2
134,09/05/2019,9:09:59 AM,TORONTO ON,OAK RIDGES ON,A_5,Outgoing,2
135,09/05/2019,8:48:42 AM,INCOMING ON,TORONTO ON,Unknown caller,Incoming,21
136,09/05/2019,8:40:18 AM,TORONTO ON,TORONTO ON,A_5,Outgoing,8
137,09/03/2019,8:38:52 PM,INCOMING ON,TORONTO ON,Unknown caller,Incoming,4
138,09/03/2019,6:10:14 PM,TORONTO ON,TORONTO ON,A_5,Outgoing,24
139,09/03/2019,6:09:49 PM,TORONTO ON,TORONTO ON,B_3,Outgoing,1
140,09/03/2019,6:09:27 PM,TORONTO ON,TORONTO ON,A_5,Outgoing,1
141,09/03/2019,5:27:23 PM,INCOMING ON,TORONTO ON,Unknown caller,Incoming,2
142,09/03/2019,4:59:25 PM,TORONTO ON,TORONTO ON,A_3,Outgoing,44
143,09/03/2019,3:41:35 PM,INCOMING ON,TORONTO ON,Unknown caller,Incoming,1
144,09/03/2019,2:48:00 PM,INCOMING ON,TORONTO ON,Unknown caller,Incoming,1
145,09/02/2019,5:54:16 PM,INCOMING ON,TORONTO ON,Unknown caller,Incoming,5
146,09/02/2019,5:53:03 PM,TORONTO ON,TORONTO ON,A_5,Outgoing,1
147,09/02/2019,11:55:59 AM,INCOMING ON,TORONTO ON,Unknown caller,Incoming,13
148,09/01/2019,7:10:31 PM,TORONTO ON,TORONTO ON,A_1,Outgoing,3
149,08-30-2019,6:54:49 PM,TORONTO ON,TORONTO ON,A_1,Outgoing,7
150,08-30-2019,6:27:43 PM,TORONTO ON,TORONTO ON,A_5,Outgoing,22
151,08-30-2019,5:17:15 PM,TORONTO ON,TORONTO ON,C_4,Outgoing,20
152,08-29-2019,2:03:17 PM,TORONTO ON,TORONTO ON,A_1,Outgoing,15
153,08-29-2019,1:01:34 PM,INCOMING ON,TORONTO ON,Unknown caller,Incoming,8
154,08-28-2019,10:41:42 AM,TORONTO ON,OAK RIDGES ON,E_1,Outgoing,1
155,08-27-2019,8:01:43 PM,TORONTO ON,TORONTO ON,B_3,Outgoing,1
156,08-27-2019,8:01:09 PM,TORONTO ON,TORONTO ON,B_3,Outgoing,1
157,08-27-2019,7:49:54 PM,TORONTO ON,TORONTO ON,A_1,Outgoing,12
158,08-25-2019,9:27:45 PM,TORONTO ON,TORONTO ON,A_1,Outgoing,2
159,08-25-2019,9:23:23 PM,TORONTO ON,TORONTO ON,A_1,Outgoing,1
160,08-24-2019,4:13:18 PM,TORONTO ON,TORONTO ON,D_4,Outgoing,1
161,08-23-2019,6:33:14 PM,TORONTO ON,OAK RIDGES ON,C_5,Outgoing,1
162,08-22-2019,10:29:18 AM,TORONTO ON,TORONTO ON,A_1,Outgoing,40
163,08-22-2019,10:03:25 AM,TORONTO ON,TORONTO ON,A_1,Outgoing,6
164,08-19-2019,10:54:21 AM,TORONTO ON,TORONTO ON,A_1,Outgoing,38
165,08-18-2019,7:22:48 PM,TORONTO ON,TORONTO ON,A_1,Outgoing,1
166,08-17-2019,6:18:16 PM,TORONTO ON,TORONTO ON,B_3,Outgoing,2
167,08-17-2019,12:24:51 PM,INCOMING ON,TORONTO ON,Unknown caller,Incoming,5
168,08-16-2019,10:42:01 AM,TORONTO ON,TORONTO ON,A_1,Outgoing,21
169,08-14-2019,7:55:10 PM,TORONTO ON,TORONTO ON,A_1,Outgoing,12
170,08-13-2019,1:07:57 PM,TORONTO ON,TORONTO ON,B_3,Outgoing,1
171,08/10/2019,4:05:52 PM,TORONTO ON,TORONTO ON,A_1,Outgoing,6
172,08/09/2019,6:06:18 PM,TORONTO ON,OAK RIDGES ON,B_4,Outgoing,2
173,08/09/2019,5:46:44 PM,INCOMING ON,TORONTO ON,Unknown caller,Incoming,5
174,08/09/2019,1:19:42 PM,INCOMING ON,TORONTO ON,Unknown caller,Incoming,2
175,08/08/2019,11:01:44 AM,INCOMING ON,TORONTO ON,Unknown caller,Incoming,2
176,08/08/2019,9:25:13 AM,TORONTO ON,TORONTO ON,A_5,Outgoing,3
177,08/07/2019,1:13:02 PM,TORONTO ON,TORONTO ON,A_5,Outgoing,33
178,08/06/2019,5:46:23 PM,TORONTO ON,TORONTO ON,A_4,Outgoing,3
179,08/06/2019,5:10:04 PM,INCOMING ON,TORONTO ON,Unknown caller,Incoming,30
180,08/06/2019,5:09:36 PM,TORONTO ON,TORONTO ON,A_1,Outgoing,1
181,08/06/2019,3:07:14 PM,INCOMING ON,TORONTO ON,Unknown caller,Incoming,1
182,08/06/2019,12:01:48 PM,TORONTO ON,TORONTO ON,B_3,Outgoing,1
183,08/05/2019,9:34:31 AM,INCOMING ON,TORONTO ON,Unknown caller,Incoming,1
184,08/02/2019,3:04:21 PM,TORONTO ON,TORONTO ON,B_3,Outgoing,1
185,08/02/2019,11:45:55 AM,TORONTO ON,TORONTO ON,B_3,Outgoing,1
186,08/02/2019,10:41:50 AM,TORONTO ON,TORONTO ON,A_1,Outgoing,18
187,08/02/2019,10:35:13 AM,TORONTO ON,TORONTO ON,A_1,Outgoing,7
188,07-31-2019,6:55:02 PM,TORONTO ON,TORONTO ON,A_1,Outgoing,2
189,07-31-2019,11:54:15 AM,INCOMING ON,TORONTO ON,Unknown caller,Incoming,1
190,07-31-2019,10:28:31 AM,INCOMING ON,TORONTO ON,Unknown caller,Incoming,6
191,07-31-2019,9:53:51 AM,INCOMING ON,TORONTO ON,Unknown caller,Incoming,4
192,07-30-2019,4:02:18 PM,INCOMING ON,TORONTO ON,Unknown caller,Incoming,1
193,07-29-2019,4:48:15 PM,INCOMING ON,TORONTO ON,Unknown caller,Incoming,1
194,07-29-2019,10:29:13 AM,INCOMING ON,TORONTO ON,Unknown caller,Incoming,3
195,07-29-2019,9:05:14 AM,INCOMING ON,TORONTO ON,Unknown caller,Incoming,1
196,07-27-2019,6:25:16 PM,TORONTO ON,TORONTO ON,A_1,Outgoing,3
197,07-27-2019,6:19:49 PM,INCOMING ON,TORONTO ON,Unknown caller,Incoming,5
198,07-27-2019,6:10:16 PM,TORONTO ON,TORONTO ON,A_1,Outgoing,1
199,07-27-2019,5:56:18 PM,TORONTO ON,RICHMONDHL ON,B_2,Outgoing,4
200,07-27-2019,3:58:23 PM,TORONTO ON,RICHMONDHL ON,E_2,Outgoing,2
201,07-27-2019,3:57:47 PM,TORONTO ON,TORONTO ON,B_3,Outgoing,1
202,07-27-2019,12:18:03 PM,TORONTO ON,RICHMONDHL ON,E_2,Outgoing,1
203,07-27-2019,12:13:43 PM,TORONTO ON,RICHMONDHL ON,E_3,Outgoing,4
204,07-26-2019,6:43:40 PM,TORONTO ON,TORONTO ON,A_1,Outgoing,18
205,07-26-2019,10:22:46 AM,TORONTO ON,TORONTO ON,B_3,Outgoing,1
206,07-25-2019,10:36:05 AM,TORONTO ON,TORONTO ON,A_1,Outgoing,21
207,07-25-2019,10:29:45 AM,INCOMING ON,TORONTO ON,Unknown caller,Incoming,1
208,07-25-2019,10:29:23 AM,TORONTO ON,TORONTO ON,A_1,Outgoing,7
209,07-24-2019,12:16:06 PM,INCOMING ON,TORONTO ON,Unknown caller,Incoming,3
210,07-24-2019,12:00:37 PM,TORONTO ON,TORONTO ON,A_1,Outgoing,1
211,07-24-2019,11:59:11 AM,TORONTO ON,TORONTO ON,A_1,Outgoing,1
212,07-23-2019,7:34:40 PM,INCOMING ON,TORONTO ON,Unknown caller,Incoming,3
213,07-23-2019,7:16:17 PM,TORONTO ON,TORONTO ON,A_1,Outgoing,3
214,07-23-2019,7:14:36 PM,TORONTO ON,THORNHILL ON,E_4,Outgoing,1
215,07-23-2019,7:10:12 PM,TORONTO ON,TORONTO ON,A_1,Outgoing,4
216,07-23-2019,6:56:29 PM,INCOMING ON,TORONTO ON,Unknown caller,Incoming,1
217,07-23-2019,5:26:46 PM,TORONTO ON,TORONTO ON,A_1,Outgoing,11
218,07-23-2019,5:20:11 PM,TORONTO ON,TORONTO ON,A_1,Outgoing,7
219,07-23-2019,5:04:14 PM,TORONTO ON,TORONTO ON,A_1,Outgoing,16
220,07-22-2019,11:15:43 PM,INCOMING ON,TORONTO ON,Unknown caller,Incoming,13
221,07-22-2019,11:15:29 PM,TORONTO ON,TORONTO ON,A_4,Outgoing,1
222,07-22-2019,6:00:34 PM,TORONTO ON,TORONTO ON,A_1,Outgoing,2
223,07-22-2019,5:11:41 PM,TORONTO ON,TORONTO ON,A_1,Outgoing,49
224,07-22-2019,4:27:18 PM,TORONTO ON,TORONTO ON,A_1,Outgoing,3
225,07-22-2019,4:26:40 PM,TORONTO ON,TORONTO ON,A_1,Outgoing,1
226,07-22-2019,4:03:07 PM,TORONTO ON,TORONTO ON,E_5,Outgoing,1
227,07-22-2019,1:44:33 PM,TORONTO ON,TORONTO ON,B_3,Outgoing,3
228,07-22-2019,1:05:26 PM,INCOMING ON,TORONTO ON,Unknown caller,Incoming,40
229,07-22-2019,1:05:09 PM,TORONTO ON,TORONTO ON,B_3,Outgoing,1
230,07-22-2019,1:04:32 PM,TORONTO ON,TORONTO ON,A_1,Outgoing,1
231,07-22-2019,11:22:17 AM,INCOMING ON,TORONTO ON,Unknown caller,Incoming,1
232,07-22-2019,11:16:36 AM,TORONTO ON,TORONTO ON,B_3,Outgoing,1
233,07-22-2019,9:58:04 AM,TORONTO ON,TORONTO ON,B_3,Outgoing,1
234,07-21-2019,6:39:25 PM,TORONTO ON,866 SERV                 SERV 866 ON,F_1,Outgoing,17
235, 11-14-2019,7:09:44 PM,TORONTO ON,TORONTO ON,A_1,Outgoing,15
236, 11-14-2019,9:31:51 AM,INCOMING ON,TORONTO ON,Unknown caller,Incoming,1
237, 11-13-2019,9:03:23 AM,INCOMING ON,TORONTO ON,Unknown caller,Incoming,10
238, 11-13-2019,8:41:46 AM,INCOMING ON,TORONTO ON,Unknown caller,Incoming,19
239, 11-12-2019,12:17:02 PM,TORONTO ON,TORONTO ON,A_1,Outgoing,2
240, 11-12-2019,12:08:24 PM,TORONTO ON,TORONTO ON,A_1,Outgoing,7
241, 11-12-2019,10:23:49 AM,INCOMING ON,TORONTO ON,Unknown caller,Incoming,2
242, 11-12-2019,9:00:33 AM,TORONTO ON,TORONTO ON,A_5,Outgoing,25
243, 11-11-2019,6:39:12 PM,TORONTO ON,TORONTO ON,A_1,Outgoing,8
244, 11-11-2019,5:26:25 PM,TORONTO ON,TORONTO ON,A_1,Outgoing,1
245, 11-11-2019,5:25:56 PM,TORONTO ON,TORONTO ON,A_1,Outgoing,1
246, 11-11-2019,1:11:56 PM,INCOMING ON,TORONTO ON,Unknown caller,Incoming,5
247, 11-11-2019,12:38:11 PM,TORONTO ON,TORONTO ON,B_3,Outgoing,2
248, 11-11-2019,11:49:42 AM,TORONTO ON,OAK RIDGES ON,E_1,Outgoing,4
249, 11-10-2019,6:04:09 PM,TORONTO ON,TORONTO ON,B_3,Outgoing,2
250, 11-10-2019,6:02:58 PM,TORONTO ON,TORONTO ON,A_1,Outgoing,1
251, 11-10-2019,11:39:12 AM,INCOMING ON,TORONTO ON,Unknown caller,Incoming,2
252, 11-10-2019,8:06:41 AM,INCOMING ON,TORONTO ON,Unknown caller,Incoming,7
253, 11-09-2019,5:11:43 PM,TORONTO ON,TORONTO ON,A_1,Outgoing,13
254, 11-08-2019,12:15:27 PM,INCOMING ON,TORONTO ON,Unknown caller,Incoming,1
255, 11-08-2019,12:09:42 PM,TORONTO ON,RICHMONDHL ON,E_3,Outgoing,2
256, 11-08-2019,12:09:18 PM,TORONTO ON,TORONTO ON,B_3,Outgoing,1
257, 11-07-2019,10:40:29 AM,TORONTO ON,TORONTO ON,A_1,Outgoing,17
258, 11-06-2019,9:34:56 PM,TORONTO ON,TORONTO ON,B_3,Outgoing,1
259, 11-06-2019,9:32:30 PM,TORONTO ON,OAK RIDGES ON,A_5,Outgoing,3
260, 11-05-2019,5:02:02 PM,TORONTO ON,888 SERV                 SERV 888 ON,F_2,Outgoing,32
261, 11-04-2019,8:37:11 PM,TORONTO ON,OAK RIDGES ON,A_5,Outgoing,3
262, 11-04-2019,8:36:11 PM,TORONTO ON,OAK RIDGES ON,A_5,Outgoing,1
263, 11-04-2019,7:34:57 PM,INCOMING ON,TORONTO ON,Unknown caller,Incoming,1
264, 11-04-2019,7:14:50 PM,TORONTO ON,TORONTO ON,A_1,Outgoing,1
265, 11-04-2019,2:46:06 PM,INCOMING ON,TORONTO ON,Unknown caller,Incoming,2
266, 11-04-2019,2:24:59 PM,TORONTO ON,RICHMONDHL ON,F_3,Outgoing,12
267, 11-04-2019,12:39:08 PM,INCOMING ON,TORONTO ON,Unknown caller,Incoming,31
268, 11-04-2019,12:30:25 PM,TORONTO ON,TORONTO ON,A_1,Outgoing,1
269, 11-04-2019,11:39:20 AM,TORONTO ON,TORONTO ON,A_4,Outgoing,4
270, 11-04-2019,9:30:17 AM,TORONTO ON,OAK RIDGES ON,A_5,Outgoing,5
271, 11-04-2019,8:41:48 AM,TORONTO ON,877 SERV                 SERV 877 ON,F_4,Outgoing,3
272, 11-04-2019,8:05:13 AM,INCOMING ON,TORONTO ON,Unknown caller,Incoming,6
273, 11-02-2019,7:56:55 PM,TORONTO ON,TORONTO ON,B_3,Outgoing,1
274, 11-01-2019,6:42:36 PM,TORONTO ON,TORONTO ON,A_1,Outgoing,19
275, 11-01-2019,11:05:46 AM,TORONTO ON,TORONTO ON,A_5,Outgoing,9
276, 10-31-2019,4:49:37 PM,TORONTO ON,TORONTO ON,A_5,Outgoing,18
277, 10-31-2019,1:02:56 PM,TORONTO ON,OAK RIDGES ON,E_1,Outgoing,2
278, 10-30-2019,7:43:37 PM,INCOMING ON,TORONTO ON,Unknown caller,Incoming,2
279, 10-29-2019,10:00:41 PM,TORONTO ON,TORONTO ON,B_3,Outgoing,1
280, 10-29-2019,9:59:59 PM,TORONTO ON,TORONTO ON,B_3,Outgoing,1
281, 10-29-2019,6:12:15 PM,TORONTO ON,OAK RIDGES ON,B_4,Outgoing,2
282, 10-29-2019,5:43:01 PM,TORONTO ON,TORONTO ON,A_1,Outgoing,1
283, 10-29-2019,12:27:46 PM,INCOMING ON,TORONTO ON,Unknown caller,Incoming,1
284, 10-29-2019,8:59:15 AM,TORONTO ON,OAK RIDGES ON,A_5,Outgoing,3
285, 10-29-2019,8:57:00 AM,TORONTO ON,OAK RIDGES ON,A_5,Outgoing,2
286, 10-29-2019,8:48:51 AM,CLAREMONT ON,OAK RIDGES ON,A_5,Outgoing,1
287, 10-29-2019,8:46:17 AM,TORONTO ON,OAK RIDGES ON,A_5,Outgoing,2
288, 10-29-2019,8:44:15 AM,TORONTO ON,OAK RIDGES ON,A_5,Outgoing,1
289, 10-27-2019,3:12:37 PM,INCOMING ON,TORONTO ON,Unknown caller,Incoming,2
290, 10-27-2019,1:27:11 PM,TORONTO ON,TORONTO ON,A_1,Outgoing,1
291, 10-27-2019,1:09:49 PM,TORONTO ON,TORONTO ON,A_1,Outgoing,11
292, 10-27-2019,12:06:39 PM,INCOMING ON,TORONTO ON,Unknown caller,Incoming,6
293, 10-26-2019,12:38:44 PM,INCOMING ON,TORONTO ON,Unknown caller,Incoming,6
294, 10-25-2019,7:22:26 PM,TORONTO ON,TORONTO ON,C_4,Outgoing,14
295, 10-25-2019,10:33:56 AM,TORONTO ON,TORONTO ON,A_1,Outgoing,9
296, 10-25-2019,10:29:36 AM,INCOMING ON,TORONTO ON,Unknown caller,Incoming,5
297, 10-25-2019,10:29:17 AM,TORONTO ON,TORONTO ON,A_1,Outgoing,1
298, 10-25-2019,10:28:59 AM,TORONTO ON,TORONTO ON,A_4,Outgoing,1
299, 10-24-2019,11:20:58 PM,TORONTO ON,TORONTO ON,B_3,Outgoing,1
300, 10-24-2019,11:18:47 PM,TORONTO ON,OAK RIDGES ON,A_5,Outgoing,2
301, 10-24-2019,7:24:30 PM,TORONTO ON,TORONTO ON,A_1,Outgoing,13
302, 10-23-2019,4:09:22 PM,TORONTO ON,TORONTO ON,F_5,Outgoing,3
303, 10-23-2019,3:59:06 PM,TORONTO ON,THORNHILL ON,G_1,Outgoing,7
304, 10-23-2019,3:51:25 PM,TORONTO ON,THORNHILL ON,G_1,Outgoing,8
305, 10-23-2019,3:29:23 PM,TORONTO ON,TORONTO ON,A_1,Outgoing,11
306, 10-23-2019,7:16:01 AM,TORONTO ON,OAK RIDGES ON,A_5,Outgoing,2
307, 10-22-2019,12:06:59 PM,TORONTO ON,TORONTO ON,A_1,Outgoing,3
308, 10-22-2019,12:02:56 PM,TORONTO ON,TORONTO ON,A_1,Outgoing,4
309, 10-22-2019,10:52:41 AM,INCOMING ON,TORONTO ON,Unknown caller,Incoming,3
310, 10-22-2019,10:48:16 AM,TORONTO ON,RICHMONDHL ON,E_3,Outgoing,4
311, 10-20-2019,12:33:59 PM,TORONTO ON,TORONTO ON,A_1,Outgoing,11
312, 10-20-2019,11:56:15 AM,TORONTO ON,TORONTO ON,A_1,Outgoing,1
313, 10-19-2019,9:52:06 PM,TORONTO ON,TORONTO ON,A_1,Outgoing,2
314, 10-19-2019,5:38:42 PM,NEWMARKET ON,TORONTO ON,A_1,Outgoing,1
315, 10-19-2019,5:31:25 PM,TORONTO ON,TORONTO ON,A_1,Outgoing,1
316, 10-17-2019,10:45:08 AM,TORONTO ON,TORONTO ON,A_4,Outgoing,8
317, 10-17-2019,10:43:21 AM,TORONTO ON,OAK RIDGES ON,A_5,Outgoing,1
318, 10-17-2019,10:39:50 AM,TORONTO ON,TORONTO ON,A_1,Outgoing,3
319, 10-17-2019,10:37:26 AM,TORONTO ON,TORONTO ON,A_1,Outgoing,1
320, 10-17-2019,10:36:23 AM,TORONTO ON,TORONTO ON,A_5,Outgoing,1
321, 10-17-2019,8:01:19 AM,TORONTO ON,OAK RIDGES ON,A_5,Outgoing,2
322, 10-17-2019,8:00:39 AM,TORONTO ON,OAK RIDGES ON,A_5,Outgoing,1
323, 10-16-2019,7:17:47 PM,NEWMARKET ON,NEWMARKET ON,G_2,Outgoing,6
324, 10-16-2019,5:00:53 PM,INCOMING ON,TORONTO ON,Unknown caller,Incoming,3
325, 10-16-2019,2:08:04 PM,TORONTO ON,TORONTO ON,A_5,Outgoing,3
326, 10-16-2019,12:49:45 PM,TORONTO ON,TORONTO ON,A_1,Outgoing,2
327, 10-15-2019,8:21:37 PM,INCOMING ON,TORONTO ON,Unknown caller,Incoming,9
328, 10-15-2019,5:58:31 PM,TORONTO ON,TORONTO ON,A_4,Outgoing,3
329, 10-15-2019,4:21:30 PM,INCOMING ON,TORONTO ON,Unknown caller,Incoming,3
330, 10-15-2019,12:55:05 PM,TORONTO ON,TORONTO ON,A_5,Outgoing,87
331, 10-15-2019,12:14:07 PM,TORONTO ON,TORONTO ON,A_1,Outgoing,29
332, 10-15-2019,12:03:52 PM,INCOMING ON,TORONTO ON,Unknown caller,Incoming,1
333, 10-15-2019,11:41:22 AM,TORONTO ON,TORONTO ON,A_5,Outgoing,1
334, 10-15-2019,11:11:44 AM,TORONTO ON,TORONTO ON,D_3,Outgoing,9
335, 10-15-2019,11:06:17 AM,TORONTO ON,TORONTO ON,A_4,Outgoing,4
336, 10-15-2019,11:05:05 AM,TORONTO ON,TORONTO ON,A_1,Outgoing,1
337, 10-15-2019,10:00:53 AM,INCOMING ON,TORONTO ON,Unknown caller,Incoming,1
338,,,,,,,
339,,,,,,,
340,,,,,,,
341,,,,,,,
342,,,,,,,
343,,,,,,,
344,,,,,,,
345,,,,,,,
346,,,,,,,
347,,,,,,,
348,,,,,,,
349,,,,,,,
350,,,,,,,
351,,,,,,,
352,,,,,,,
353,,,,,,,
354,,,,,,,
